{
  "lang":"en",
  "name":"pipeline",
  "version":"0.0.0",
  "spacy_version":">=3.5.3,<3.6.0",
  "description":"",
  "author":"",
  "email":"",
  "url":"",
  "license":"",
  "spacy_git_version":"Unknown",
  "vectors":{
    "width":0,
    "vectors":0,
    "keys":0,
    "name":null,
    "mode":"default"
  },
  "labels":{
    "tok2vec":[

    ],
    "ner":[
      "ADDRESS",
      "AMOUNT",
      "COMPANY_NAME",
      "COUNTRY",
      "DATE",
      "DESCRIPTION",
      "EMAIL",
      "INVOICE_NO",
      "MOBILE",
      "NAME",
      "STATE",
      "TAX_RATE",
      "TAX_TYPE",
      "TIME",
      "TYPE_OF_BILL"
    ]
  },
  "pipeline":[
    "tok2vec",
    "ner"
  ],
  "components":[
    "tok2vec",
    "ner"
  ],
  "disabled":[

  ],
  "performance":{
    "ents_f":0.9456033191,
    "ents_p":0.9465851407,
    "ents_r":0.9446235321,
    "ents_per_type":{
      "TYPE_OF_BILL":{
        "p":0.9038461538,
        "r":0.9215686275,
        "f":0.9126213592
      },
      "NAME":{
        "p":0.9329805996,
        "r":0.8700657895,
        "f":0.9004255319
      },
      "ADDRESS":{
        "p":0.8693693694,
        "r":0.8670260557,
        "f":0.8681961314
      },
      "MOBILE":{
        "p":0.96,
        "r":0.966442953,
        "f":0.9632107023
      },
      "INVOICE_NO":{
        "p":0.9323843416,
        "r":0.9527272727,
        "f":0.9424460432
      },
      "DATE":{
        "p":0.9667128988,
        "r":0.9985673352,
        "f":0.9823819591
      },
      "EMAIL":{
        "p":0.9797297297,
        "r":1.0,
        "f":0.9897610922
      },
      "COMPANY_NAME":{
        "p":0.7881548975,
        "r":0.8940568475,
        "f":0.8377723971
      },
      "DESCRIPTION":{
        "p":0.9494430163,
        "r":0.9535283993,
        "f":0.9514813225
      },
      "AMOUNT":{
        "p":0.9889380531,
        "r":0.9781181619,
        "f":0.9834983498
      },
      "TAX_TYPE":{
        "p":0.9705882353,
        "r":0.9245689655,
        "f":0.9470198675
      },
      "TAX_RATE":{
        "p":0.9882121807,
        "r":0.9562737643,
        "f":0.9719806763
      },
      "STATE":{
        "p":0.9481865285,
        "r":0.9481865285,
        "f":0.9481865285
      },
      "TIME":{
        "p":1.0,
        "r":1.0,
        "f":1.0
      },
      "COUNTRY":{
        "p":0.8771929825,
        "r":0.9259259259,
        "f":0.9009009009
      }
    },
    "tok2vec_loss":1600.9919489352,
    "ner_loss":3895.7876676419
  }
}