{
  "lang":"en",
  "name":"pipeline",
  "version":"0.0.0",
  "spacy_version":">=3.5.3,<3.6.0",
  "description":"",
  "author":"",
  "email":"",
  "url":"",
  "license":"",
  "spacy_git_version":"Unknown",
  "vectors":{
    "width":0,
    "vectors":0,
    "keys":0,
    "name":null,
    "mode":"default"
  },
  "labels":{
    "tok2vec":[

    ],
    "ner":[
      "ADDRESS",
      "AMOUNT",
      "COMPANY_NAME",
      "COUNTRY",
      "DATE",
      "DESCRIPTION",
      "EMAIL",
      "INVOICE_NO",
      "MOBILE",
      "NAME",
      "STATE",
      "TAX_RATE",
      "TAX_TYPE",
      "TIME",
      "TYPE_OF_BILL"
    ]
  },
  "pipeline":[
    "tok2vec",
    "ner"
  ],
  "components":[
    "tok2vec",
    "ner"
  ],
  "disabled":[

  ],
  "performance":{
    "ents_f":0.9445399335,
    "ents_p":0.9401231752,
    "ents_r":0.9489983882,
    "ents_per_type":{
      "TYPE_OF_BILL":{
        "p":0.8727272727,
        "r":0.9411764706,
        "f":0.9056603774
      },
      "MOBILE":{
        "p":0.9726027397,
        "r":0.9530201342,
        "f":0.9627118644
      },
      "INVOICE_NO":{
        "p":0.962406015,
        "r":0.9309090909,
        "f":0.9463955638
      },
      "DATE":{
        "p":0.9694019471,
        "r":0.9985673352,
        "f":0.9837685251
      },
      "ADDRESS":{
        "p":0.8693234476,
        "r":0.8427672956,
        "f":0.8558394161
      },
      "EMAIL":{
        "p":0.9797297297,
        "r":1.0,
        "f":0.9897610922
      },
      "COMPANY_NAME":{
        "p":0.8103448276,
        "r":0.850129199,
        "f":0.8297604035
      },
      "DESCRIPTION":{
        "p":0.9403361345,
        "r":0.9629948365,
        "f":0.9515306122
      },
      "AMOUNT":{
        "p":0.9715201139,
        "r":0.9952589351,
        "f":0.9832462619
      },
      "TAX_TYPE":{
        "p":0.96875,
        "r":0.9353448276,
        "f":0.951754386
      },
      "NAME":{
        "p":0.9155405405,
        "r":0.8914473684,
        "f":0.9033333333
      },
      "TAX_RATE":{
        "p":0.9733333333,
        "r":0.9714828897,
        "f":0.9724072312
      },
      "STATE":{
        "p":0.9435897436,
        "r":0.9533678756,
        "f":0.9484536082
      },
      "TIME":{
        "p":1.0,
        "r":1.0,
        "f":1.0
      },
      "COUNTRY":{
        "p":0.7910447761,
        "r":0.9814814815,
        "f":0.8760330579
      }
    },
    "tok2vec_loss":1422.1126270648,
    "ner_loss":3713.3829955999
  }
}